INSERT INTO `majors` (`id`, `name`, `active`) VALUES
(1, 'Computer Science, BS', 'Yes'),
(2, 'Data Science, BS', 'Yes'),
(3, 'Art Major, BA', 'Yes');

INSERT INTO `programs` (`id`, `major_id`, `year`, `credits`, `elective_credits`, `active`) VALUES
(1, 1, 2024, 87, 27, 'Yes'),
(2, 2, 2024, 102, 0, 'Yes'),
(3, 3, 2024, 74, 0, 'Yes');

INSERT INTO `users` (`id`, `login`, `password`, `name`, `program_id`, `superuser`, `last`, `first`) VALUES
(1, 'pedro', '$2b$12$xwhEBhdDAzq.J85iYef9au0VUYP0TS8VNvXYZOwTsmStUFCI1dSza', 'Pedro Teodoro', NULL, 'Yes', 'Teodoro', 'Pedro'),
(2, 'judd', '$2y$10$G2MI4IEMXf1SH2fZIxXna.M81u2irjNdYkaisOjA6wl9pRDRiRueO', 'Judd Grey', 1, 'No', 'Grey', 'Judd'),
(3, 'eva', '$2y$10$uwmZm8IaPf/8NUcjjMbU2.V.tqs1NFtehGL2w.xa.TAkRUZawXqH.', 'Eva Whitsett', 1, 'No', 'Whitesett', 'Eva'),
(5, 'matt', '$2y$10$8XRqWgEtgcVwnQH6k12pEuzfY3bY6e.V3SgHm5cxq/hzaj.BLHdtC', 'Matt Ryan', 2, 'No', 'Ryan', 'Matt'),
(6, 'arty', '$2y$10$dS/3rCJ3zsq6ai2KAn.a4ut8ntR2co4UuyWK71A20dT8bBk8eohhC', 'Arty Paints', 3, 'No', 'Paints', 'Arty'),
(7, 'superuser', '$2y$10$zGAu11djtr5A5edgQMmJKe.UX8.tPnDYHb/9vqN3OJv5jGIi.axZO', 'Super User', NULL, 'Yes', 'User', 'Super');

INSERT INTO `classes` (`id`, `name`, `title`, `credits`, `fall`, `winter`, `spring`, `summer`, `active`) VALUES
(1, 'CS 110', 'Programming Fundamentals I', 4, 'Yes', 'Yes', 'Yes', 'Yes', 'Yes'),
(2, 'CS 111', 'Programming Fundamentals II', 4, 'Yes', 'Yes', 'Yes', 'No', 'Yes'),
(3, 'CS 112', 'Introduction to Data Science in Python', 4, 'Yes', 'Yes', 'Yes', 'No', 'Yes'),
(4, 'CS 301', 'Data Structures', 4, 'Yes', 'Yes', 'Yes', 'No', 'Yes'),
(5, 'CS 302', 'Advanced Data Structures and File Processing', 4, 'Yes', 'Yes', 'Yes', 'No', 'Yes'),
(6, 'CS 311', 'Computer Architecture I', 4, 'Yes', 'Yes', 'Yes', 'No', 'Yes'),
(7, 'CS 312', 'Computer Architecture II', 4, 'Yes', 'Yes', 'No', 'No', 'Yes'),
(8, 'CS 325', 'Technical Writing in Computer Science', 4, 'Yes', 'Yes', 'Yes', 'No', 'Yes'),
(9, 'CS 361', 'Principles of Language Design I', 4, 'Yes', 'No', 'No', 'No', 'Yes'),
(10, 'CS 362', 'Principles of Language Design II', 4, 'Yes', 'Yes', 'Yes', 'No', 'Yes'),
(11, 'CS 380', 'Introduction to Software Engineering', 4, 'Yes', 'Yes', 'Yes', 'No', 'Yes'),
(12, 'CS 392', 'Practical Experience in Debugging Computer Code', 1, 'Yes', 'Yes', 'Yes', 'No', 'Yes'),
(13, 'CS 420', 'Database Management Systems', 4, 'Yes', 'Yes', 'Yes', 'No', 'Yes'),
(14, 'CS 427', 'Algorithm Analysis', 4, 'Yes', 'Yes', 'Yes', 'No', 'Yes'),
(15, 'CS 450', 'Computer Network and Data Communications', 4, 'Yes', 'Yes', 'Yes', 'No', 'Yes'),
(16, 'CS 470', 'Operating Systems', 4, 'Yes', 'Yes', 'Yes', 'No', 'Yes'),
(17, 'CS 480', 'Advanced Software Engineering', 4, 'Yes', 'Yes', 'Yes', 'No', 'Yes'),
(18, 'CS 481', 'Capstone Project', 4, 'Yes', 'Yes', 'Yes', 'No', 'Yes'),
(19, 'CS 489', 'Senior Colloquium', 1, 'Yes', 'No', 'Yes', 'No', 'Yes'),
(20, 'CS 492', 'Laboratory Experience in Teaching Computer Science', 2, 'Yes', 'Yes', 'Yes', 'No', 'Yes'),
(21, 'MATH 172', 'Calculus I', 5, 'Yes', 'Yes', 'Yes', 'Yes', 'Yes'),
(22, 'MATH 260', 'Sets and Logic', 5, 'Yes', 'Yes', 'Yes', 'No', 'Yes'),
(23, 'MATH 330', 'Discrete Mathematics', 5, 'Yes', 'Yes', 'Yes', 'No', 'Yes'),
(24, 'MATH 173', 'Calculus II', 5, 'Yes', 'Yes', 'Yes', 'Yes', 'Yes'),
(25, 'MATH 265', 'Linear Algebra I', 4, 'Yes', 'Yes', 'Yes', 'No', 'Yes'),
(26, 'MATH 314', 'Probability and Statistics', 5, 'Yes', 'Yes', 'Yes', 'No', 'Yes'),
(27, 'MATH 410A', 'Advanced Statistical Methods I', 4, 'Yes', 'Yes', 'No', 'No', 'Yes'),
(28, 'PHIL 318', 'Ethics for Big Data and Technology', 5, 'Yes', 'No', 'Yes', 'No', 'Yes'),
(29, 'CS 445', 'Data and Information Visualization', 4, 'No', 'No', 'Yes', 'No', 'Yes'),
(30, 'CS 456', 'Data Mining', 4, 'Yes', 'Yes', 'Yes', 'No', 'Yes'),
(31, 'CS 457', 'Computational Intelligence and Machine Learning', 4, 'No', 'Yes', 'No', 'No', 'Yes'),
(32, 'CS 465', 'Scientific Computing', 4, 'Yes', 'No', 'No', 'No', 'Yes'),
(33, 'CS 467', 'Computational Statistics', 4, 'Yes', 'Yes', 'No', 'No', 'Yes'),
(34, 'CS 351', 'Web Development Technologies II', 4, 'Yes', 'Yes', 'Yes', 'No', 'Yes');

INSERT INTO `program_classes` (`id`, `program_id`, `class_id`, `minimum_grade`, `sequence_no`, `template_qtr`, `template_year`, `required`) VALUES
(472, 1, 1, 20, 1, NULL, NULL, 'Yes'),
(473, 1, 2, 20, 1, NULL, NULL, 'Yes'),
(474, 1, 3, 20, 1, NULL, NULL, 'Yes'),
(475, 1, 4, 20, 1, NULL, NULL, 'Yes'),
(476, 1, 5, 20, 1, NULL, NULL, 'Yes'),
(477, 1, 6, 20, 1, NULL, NULL, 'Yes'),
(478, 1, 7, 20, 1, NULL, NULL, 'Yes'),
(479, 1, 8, 20, 1, NULL, NULL, 'Yes'),
(480, 1, 9, 20, 1, NULL, NULL, 'Yes'),
(481, 1, 10, 20, 1, NULL, NULL, 'Yes'),
(482, 1, 11, 20, 1, NULL, NULL, 'Yes'),
(483, 1, 12, 20, 1, NULL, NULL, 'Yes'),
(484, 1, 13, 20, 1, NULL, NULL, 'Yes'),
(485, 1, 14, 20, 1, NULL, NULL, 'Yes'),
(486, 1, 15, 20, 1, NULL, NULL, 'Yes'),
(487, 1, 16, 20, 1, NULL, NULL, 'Yes'),
(488, 1, 17, 20, 1, NULL, NULL, 'Yes'),
(489, 1, 18, 20, 1, NULL, NULL, 'Yes'),
(490, 1, 19, 20, 1, NULL, NULL, 'Yes'),
(491, 1, 20, 20, 1, NULL, NULL, 'Yes'),
(492, 1, 21, 20, 1, NULL, NULL, 'Yes'),
(493, 1, 22, 20, 1, NULL, NULL, 'Yes'),
(494, 1, 23, 20, 1, NULL, NULL, 'Yes'),
(495, 1, 24, 20, 1, NULL, NULL, 'No'),
(496, 1, 25, 20, 1, NULL, NULL, 'No'),
(497, 1, 28, 20, 1, NULL, NULL, 'No'),
(498, 1, 29, 20, 1, NULL, NULL, 'No'),
(499, 1, 30, 20, 1, NULL, NULL, 'No'),
(500, 1, 31, 20, 1, NULL, NULL, 'No'),
(501, 1, 32, 20, 1, NULL, NULL, 'No'),
(502, 1, 33, 20, 1, NULL, NULL, 'No'),
(503, 1, 34, 20, 1, NULL, NULL, 'No'),
(504, 2, 1, 20, 1, NULL, NULL, 'Yes'),
(505, 2, 2, 20, 1, NULL, NULL, 'Yes'),
(506, 2, 3, 20, 1, NULL, NULL, 'Yes'),
(507, 2, 4, 20, 1, NULL, NULL, 'Yes'),
(508, 2, 5, 20, 1, NULL, NULL, 'Yes'),
(509, 2, 8, 20, 1, NULL, NULL, 'Yes'),
(510, 2, 9, 20, 1, NULL, NULL, 'Yes'),
(511, 2, 11, 20, 1, NULL, NULL, 'Yes'),
(512, 2, 13, 20, 1, NULL, NULL, 'Yes'),
(513, 2, 17, 20, 1, NULL, NULL, 'Yes'),
(514, 2, 18, 20, 1, NULL, NULL, 'Yes'),
(515, 2, 21, 20, 1, NULL, NULL, 'Yes'),
(516, 2, 22, 20, 1, NULL, NULL, 'Yes'),
(517, 2, 23, 20, 1, NULL, NULL, 'Yes'),
(518, 2, 24, 20, 1, NULL, NULL, 'Yes'),
(519, 2, 25, 20, 1, NULL, NULL, 'Yes'),
(520, 2, 26, 20, 1, NULL, NULL, 'Yes'),
(521, 2, 27, 20, 1, NULL, NULL, 'Yes'),
(522, 2, 28, 20, 1, NULL, NULL, 'Yes'),
(523, 2, 29, 20, 1, NULL, NULL, 'Yes'),
(524, 2, 30, 20, 1, NULL, NULL, 'Yes'),
(525, 2, 31, 20, 1, NULL, NULL, 'Yes'),
(526, 2, 32, 20, 1, NULL, NULL, 'Yes'),
(527, 2, 33, 20, 1, NULL, NULL, 'Yes');

INSERT INTO `students` (`id`, `first`, `last`, `cwu_id`, `email`, `phone`, `address`, `postbaccalaureate`, `withdrawing`, `veterans_benefits`, `active`, `non_stem_majors`) VALUES
(1, 'John', 'Smith', 30937808, 'johnsmith', '5095555555', '400 E University Way, Ellensburg, WA 98926', 'No', 'No', 'No', 'Yes', NULL),
(2, 'Amanda', 'Hunter', 25735736, 'huntera', '5091234567', '1731 1st St Ste 100, Yakima, WA 98901', 'Yes', 'No', 'No', 'Yes', NULL),
(3, 'Tracey', 'Larson', 36817571, 'larsont', '5092345678', '7230 Melissa Glens Apt. 478, Pullman, WA 99163', 'Yes', 'No', 'No', 'No', NULL),
(4, 'Marilyn', 'Cooper', 59866971, 'cooperm', '5093456789', '8452 Stephanie Shoals Apt. 836, Spokane, WA 99205', 'No', 'Yes', 'No', 'Yes', NULL),
(5, 'Lacey', 'Fuentes', 67357214, 'fuentesl', '5094567890', '1231 Harris Village, Wenatchee, WA 98801', 'No', 'Yes', 'No', 'Yes', NULL),
(6, 'Casey', 'Nelson', 32985207, 'nelsonc', '2061234567', '9695 Mcneil Avenue, Shoreline, WA 98133', 'Yes', 'No', 'Yes', 'Yes', NULL),
(7, 'Brandon', 'Evans', 49328797, 'evansb', '2062345678', '34891 Adam Mountains, Bellevue, WA 98004', 'No', 'No', 'Yes', 'Yes', NULL),
(8, 'Timothy', 'Silva', 57024325, 'silvat', '2063456789', '23 Pineda Rapids Suite 250, Mercer Island, WA 98040', 'No', 'No', 'No', 'No', NULL),
(9, 'Catherine', 'Williams', 65739828, 'williamsc', '2064567890', '602 Terri Knoll, Seattle, WA 98105', 'No', 'No', 'No', 'No', NULL),
(10, 'Matthew', 'Brown', 52436153, 'brownm', '3601234567', '694 Chavez Meadow, Bellingham, WA 98225', 'No', 'No', 'No', 'Yes', NULL),
(11, 'Donald', 'Smith', 60139611, 'smithd', '6191234567', '1160 Lane Knoll, La Mesa, CA 91942', 'No', 'No', 'No', 'Yes', 'Art Major, BA'),
(12, 'Sarah', 'Wright', 39926295, 'wrights', '2539304642', '175 James Vista Suite 452, Federal Way, WA 98003', 'No', 'No', 'No', 'Yes', NULL),
(13, 'Jacob', 'Jackson', 54020137, 'jacksonj', '4259418961', '977 Ellen Circles, Everett, WA 98201', 'Yes', 'No', 'No', 'Yes', NULL),
(14, 'Miranda', 'Bell', 72312534, 'bellm', '4259596692', '0343 Megan Ports, Issaquah, WA 98027', 'No', 'Yes', 'No', 'Yes', NULL),
(15, 'Pedro', 'Pascal', 23124342, 'pascalp', '5034536400', '8776 David Lane, Salem, OR 97301', 'No', 'No', 'Yes', 'Yes', NULL),
(16, 'Liam', 'Berry', 49328732, 'berryl', '5419498691', '499 Acevedo Flat, Eugene, OR 97401', 'No', 'No', 'Yes', 'Yes', NULL),
(17, 'Ed', 'Sheer', 57024123, 'sheere', '2538291823', '4881 Krueger Spur, Auburn, WA 98002', 'No', 'No', 'No', 'No', NULL),
(18, 'Eduardo', 'Villa', 65712348, 'villae', '2539871822', '125 Phyllis Parkways, Gig Harbor, WA 98335', 'No', 'No', 'No', 'No', NULL),
(19, 'Max', 'Deere', 52436253, 'deerem', '2539189120', '64113 Stevens Place Suite 442, Kent, WA 98032', 'Yes', 'No', 'No', 'Yes', 'Art Major, BA'),
(20, 'Mark', 'Henry', 60124111, 'henrym', '4257601234', '246 Thompson Fork, Lynnwood, WA 98036', 'No', 'No', 'No', 'Yes', 'Art Major, BA'),
(21, 'John', 'Cena', 39926243, 'cenaj', '4251826030', '182 Grant Drive Suite 787, Issaquah, WA 98027', 'Yes', 'No', 'No', 'Yes', NULL),
(22, 'Brandy', 'Martinez', 54020423, 'martinezb', '4259303040', '59877 Osborn Knoll, Bothell, WA 98011', 'No', 'No', 'No', 'Yes', NULL),
(23, 'Jake', 'Robin', 60139612, 'robinj', '5034601234', '441 Jessica Light, Hillsboro, OR 97124', 'No', 'No', 'No', 'Yes', 'Art Major, BA'),
(24, 'Eve', 'Clancy', 39926435, 'clancye', '5039402112', '245 Keith Mission Apt. 027, Astoria, OR 97103', 'No', 'No', 'No', 'Yes', NULL),
(25, 'Hunter', 'Helmsy', 54025437, 'helmsyh', '5037801234', '1754 Tucker Springs Apt. 890, Salem, OR 97301', 'No', 'No', 'No', 'Yes', NULL),
(26, 'Israel', 'Sanchez', 67357215, 'sanchezi', '5415556460', '1274 Jonathan Mission, Bend, OR 97701', 'No', 'Yes', 'No', 'Yes', NULL),
(27, 'Cassie', 'Yeung', 32985203, 'yeungc', '5419801234', '619 Sheila Run, Eugene, OR 97401', 'No', 'No', 'Yes', 'Yes', NULL),
(28, 'Miguel', 'Fernandez', 49322317, 'fernandezm', '5413405190', '242 Brady Lakes, Bend, OR 97701', 'No', 'No', 'Yes', 'Yes', NULL),
(29, 'Miguel', 'Fernandez', 57021235, 'fernandezm2', '5091239876', '4621 Jeremy Flat Suite 867, Ellensburg, WA 98926', 'No', 'No', 'No', 'No', NULL),
(30, 'Cat', 'Mendez', 65734328, 'mendezc', '2067775555', '653 Long Views Apt. 335, Burien, WA 98148', 'Yes', 'No', 'No', 'No', NULL),
(31, 'Melissa', 'Campos', 734, 'camposm', '4259596632', '509 S 1st St Apt 2, Walla Walla, WA 99362', 'No', 'No', 'No', 'No', NULL);

INSERT INTO `student_programs` (`id`, `student_id`, `program_id`, `user_id`) VALUES
(4, 1, 1, 2),
(5, 2, 1, 3),
(7, 4, 1, 3),
(8, 5, 1, 3),
(9, 6, 1, 2),
(10, 7, 1, 3),
(13, 10, 1, 3),
(14, 11, 3, 6),
(15, 12, 1, 2),
(16, 13, 1, 3),
(17, 14, 1, 3),
(18, 15, 1, 2),
(19, 16, 1, 3),
(22, 19, 3, 6),
(23, 20, 3, 6),
(24, 21, 2, 5),
(25, 22, 2, 5),
(26, 23, 3, 6),
(27, 24, 2, 5),
(28, 25, 2, 5),
(29, 26, 2, 5),
(30, 27, 2, 5),
(31, 28, 2, 5)